Model,Accuracy_mean,Precision_mean,Recall_mean,F1_mean,ROC_AUC_mean,F1_std
Logistic Regression,0.9270013568521032,0.9254135915634955,0.945103553746447,0.9351547133493314,0.9787964920765155,0.002234682014471634
Decision Tree,0.9352329262777023,0.9410508644406687,0.9428296662169214,0.9419226806060736,0.9833634937958754,0.002924167528233981
Random Forest,0.9637268204432384,0.959330301441789,0.9762871779582456,0.9677270169917941,0.9949887013723843,0.0022225524345881485
