Model,accuracy_mean,accuracy_std,balanced_accuracy_mean,balanced_accuracy_std,precision_mean,precision_std,recall_mean,recall_std,f1_mean,f1_std,roc_auc_mean,roc_auc_std,average_precision_mean,average_precision_std
Logistic Regression,0.928684917702385,0.0057194082056525606,0.9288278176958655,0.005762041200219656,0.936678082981049,0.008951338013735616,0.9245346869712352,0.00833064881562857,0.9305196708451993,0.005532333151237818,0.9805487610285439,0.002669751158232087,0.9827437116083212,0.002689601136946655
Decision Tree,0.9360258955018781,0.005530526620922863,0.9362670324946862,0.005315877586659632,0.9462423266300017,0.0022824970542822194,0.9289340101522843,0.012107305461927802,0.9374618326150514,0.005770401341942793,0.9818401803089056,0.004232147802012544,0.9810941360837317,0.004609031508692867
Random Forest,0.9596236296454637,0.007015545615453928,0.9598285931186259,0.006889546053905268,0.9677487935486029,0.005944291158706696,0.9536379018612522,0.011993262366612087,0.9605984083494766,0.006967320462268047,0.9933728113090856,0.001986200338048711,0.9941352881632696,0.001727889074048413
