scenario,mean_accuracy,std_accuracy,minimum,maximum
"Current file: 2,000 train / 9,055 test",0.9058906681391495,0.0017112070493860666,0.9013804527885146,0.9092214246272777
"Documented size: 2,000 train / 456 test",0.9642982456140351,0.0019138091429185273,0.9605263157894737,0.9692982456140351
